method,mechanism,rate,seed,n_test_patients,shap_rmse,lime_mean_rho,lime_median_rho,lime_n_valid,lime_n_invalid
KNN,MAR,0.1,42,60,0.015017226421249648,0.9506410256410257,0.9560439560439561,60,0
KNN,MAR,0.1,43,60,0.015865026788617252,0.9532967032967032,0.9560439560439561,60,0
KNN,MAR,0.1,44,60,0.022823115920176544,0.935989010989011,0.9395604395604396,60,0
KNN,MAR,0.1,45,60,0.021392321041105788,0.885805860805861,0.8928571428571428,60,0
KNN,MAR,0.1,46,60,0.023225739224275618,0.9448717948717948,0.9560439560439561,60,0
KNN,MAR,0.1,47,60,0.013942953923326758,0.9437728937728936,0.945054945054945,60,0
KNN,MAR,0.1,48,60,0.008382883685937245,0.9577838827838827,0.967032967032967,60,0
KNN,MAR,0.1,49,60,0.015975277772464734,0.9284798534798535,0.9340659340659341,60,0
KNN,MAR,0.2,42,60,0.02976450386480328,0.8734432234432233,0.8846153846153846,60,0
KNN,MAR,0.2,43,60,0.019839540579479495,0.9415750915750916,0.9423076923076923,60,0
KNN,MAR,0.2,44,60,0.018525713056687237,0.8608974358974357,0.8626373626373626,60,0
KNN,MAR,0.2,45,60,0.03030240968224455,0.9014652014652015,0.9038461538461539,60,0
KNN,MAR,0.2,46,60,0.019614135760333568,0.930860805860806,0.9340659340659341,60,0
KNN,MAR,0.2,47,60,0.029464089232535694,0.8765567765567766,0.8791208791208791,60,0
KNN,MAR,0.2,48,60,0.0212604557177981,0.9271978021978025,0.9340659340659341,60,0
KNN,MAR,0.2,49,60,0.028912849150845264,0.9388278388278389,0.9478021978021978,60,0
KNN,MAR,0.3,42,60,0.04462806542540588,0.7853479853479854,0.7857142857142857,60,0
KNN,MAR,0.3,43,60,0.029564939072148445,0.9224358974358975,0.9313186813186813,60,0
KNN,MAR,0.3,44,60,0.024071374333098042,0.9413919413919414,0.945054945054945,60,0
KNN,MAR,0.3,45,60,0.03217677734182483,0.8721611721611721,0.8846153846153846,60,0
KNN,MAR,0.3,46,60,0.03480518110316632,0.8097069597069595,0.804945054945055,60,0
KNN,MAR,0.3,47,60,0.024910826019783592,0.8402014652014652,0.8379120879120879,60,0
KNN,MAR,0.3,48,60,0.036716190745520405,0.8663003663003663,0.8791208791208791,60,0
KNN,MAR,0.3,49,60,0.026799258832839262,0.8582417582417583,0.8598901098901098,60,0
KNN,MCAR,0.1,42,60,0.017474398491136134,0.9417582417582417,0.945054945054945,60,0
KNN,MCAR,0.1,43,60,0.01949727008855983,0.9248168498168499,0.9285714285714285,60,0
KNN,MCAR,0.1,44,60,0.00859779206211541,0.9464285714285714,0.9505494505494506,60,0
KNN,MCAR,0.1,45,60,0.019314986119616774,0.9278388278388279,0.9285714285714285,60,0
KNN,MCAR,0.1,46,60,0.015073069740499871,0.9543040293040292,0.9560439560439561,60,0
KNN,MCAR,0.1,47,60,0.014962888014894518,0.9739010989010989,0.9780219780219779,60,0
KNN,MCAR,0.1,48,60,0.018341509260936268,0.897161172161172,0.9038461538461539,60,0
KNN,MCAR,0.1,49,60,0.009574423233829605,0.9292124542124542,0.9340659340659341,60,0
KNN,MCAR,0.2,42,60,0.02068044645372523,0.9041208791208792,0.9065934065934067,60,0
KNN,MCAR,0.2,43,60,0.016646768450640954,0.9217948717948716,0.9230769230769231,60,0
KNN,MCAR,0.2,44,60,0.032113686626908,0.8855311355311356,0.8956043956043955,60,0
KNN,MCAR,0.2,45,60,0.02625263653735557,0.8867216117216116,0.8901098901098902,60,0
KNN,MCAR,0.2,46,60,0.024510341089586503,0.8556776556776557,0.8681318681318682,60,0
KNN,MCAR,0.2,47,60,0.016912033726271425,0.9444139194139195,0.9505494505494506,60,0
KNN,MCAR,0.2,48,60,0.027553000547487806,0.9064102564102563,0.9065934065934067,60,0
KNN,MCAR,0.2,49,60,0.024484437243057443,0.9302197802197801,0.9340659340659341,60,0
KNN,MCAR,0.3,42,60,0.024940907106827254,0.8955128205128206,0.8983516483516483,60,0
KNN,MCAR,0.3,43,60,0.013303805646173736,0.8614468864468863,0.8598901098901098,60,0
KNN,MCAR,0.3,44,60,0.0184499397198877,0.8909340659340658,0.901098901098901,60,0
KNN,MCAR,0.3,45,60,0.01831360830197038,0.9340659340659341,0.9395604395604396,60,0
KNN,MCAR,0.3,46,60,0.028161890396412714,0.8924908424908425,0.8956043956043955,60,0
KNN,MCAR,0.3,47,60,0.024781154673019747,0.8305860805860804,0.8296703296703297,60,0
KNN,MCAR,0.3,48,60,0.030842121279910165,0.867765567765568,0.8846153846153846,60,0
KNN,MCAR,0.3,49,60,0.02576473807291509,0.918040293040293,0.9258241758241759,60,0
KNN,MNAR,0.1,42,60,0.011594068082960237,0.8878205128205127,0.8983516483516483,60,0
KNN,MNAR,0.1,43,60,0.013843405445082531,0.9265567765567766,0.9340659340659341,60,0
KNN,MNAR,0.1,44,60,0.01675653311282809,0.9605311355311356,0.9642857142857142,60,0
KNN,MNAR,0.1,45,60,0.014386894181102448,0.9438644688644688,0.9505494505494506,60,0
KNN,MNAR,0.1,46,60,0.028243204669327206,0.9307692307692309,0.9340659340659341,60,0
KNN,MNAR,0.1,47,60,0.01459085602798382,0.9607142857142857,0.967032967032967,60,0
KNN,MNAR,0.1,48,60,0.02159071339631469,0.9326007326007326,0.9395604395604396,60,0
KNN,MNAR,0.1,49,60,0.012351952362087783,0.9392857142857144,0.9423076923076923,60,0
KNN,MNAR,0.2,42,60,0.03971227590013075,0.8336080586080585,0.8379120879120879,60,0
KNN,MNAR,0.2,43,60,0.028844545159660912,0.9108974358974359,0.9175824175824175,60,0
KNN,MNAR,0.2,44,60,0.01905636074663159,0.9265567765567763,0.9340659340659341,60,0
KNN,MNAR,0.2,45,60,0.025763543751381044,0.8891025641025642,0.8956043956043955,60,0
KNN,MNAR,0.2,46,60,0.03445278333561746,0.8695970695970696,0.8763736263736264,60,0
KNN,MNAR,0.2,47,60,0.02921437409497881,0.8164835164835164,0.8241758241758241,60,0
KNN,MNAR,0.2,48,60,0.0389358487329073,0.8109890109890111,0.8269230769230769,60,0
KNN,MNAR,0.2,49,60,0.03555133170487775,0.84010989010989,0.8516483516483516,60,0
KNN,MNAR,0.3,42,60,0.03457396548833337,0.8588827838827838,0.8653846153846154,60,0
KNN,MNAR,0.3,43,60,0.053785266663316775,0.7328754578754579,0.7362637362637362,60,0
KNN,MNAR,0.3,44,60,0.048004781311652665,0.7298534798534799,0.7472527472527473,60,0
KNN,MNAR,0.3,45,60,0.05064527205749397,0.6798534798534798,0.6813186813186813,60,0
KNN,MNAR,0.3,46,60,0.05495905319322297,0.6866300366300367,0.6868131868131868,60,0
KNN,MNAR,0.3,47,60,0.04838007157627957,0.7152930402930403,0.7362637362637362,60,0
KNN,MNAR,0.3,48,60,0.05860112651647467,0.7004578754578754,0.7032967032967032,60,0
KNN,MNAR,0.3,49,60,0.03679334600841195,0.7481684981684982,0.7554945054945055,60,0
MICE,MAR,0.1,42,60,0.01286461332086743,0.9605311355311357,0.9615384615384615,60,0
MICE,MAR,0.1,43,60,0.013452435099363553,0.9238095238095237,0.9340659340659341,60,0
MICE,MAR,0.1,44,60,0.02195540576852472,0.9282967032967033,0.9313186813186813,60,0
MICE,MAR,0.1,45,60,0.022269498716143574,0.926007326007326,0.9340659340659341,60,0
MICE,MAR,0.1,46,60,0.01882597696057298,0.9162087912087912,0.9175824175824175,60,0
MICE,MAR,0.1,47,60,0.012762269633985615,0.9281135531135531,0.9340659340659341,60,0
MICE,MAR,0.1,48,60,0.007362851718265033,0.9527472527472528,0.9615384615384615,60,0
MICE,MAR,0.1,49,60,0.02012739130425283,0.9507326007326007,0.9560439560439561,60,0
MICE,MAR,0.2,42,60,0.02353871673135886,0.9028388278388279,0.9065934065934067,60,0
MICE,MAR,0.2,43,60,0.016907679591634514,0.9383699633699634,0.9368131868131868,60,0
MICE,MAR,0.2,44,60,0.01589103770700387,0.906043956043956,0.9120879120879121,60,0
MICE,MAR,0.2,45,60,0.02294892479555068,0.8974358974358974,0.9038461538461539,60,0
MICE,MAR,0.2,46,60,0.02600005874601301,0.887087912087912,0.8873626373626373,60,0
MICE,MAR,0.2,47,60,0.0336399452118752,0.8201465201465202,0.8214285714285714,60,0
MICE,MAR,0.2,48,60,0.01665042117646598,0.9345238095238095,0.9395604395604396,60,0
MICE,MAR,0.2,49,60,0.027177850677290494,0.9124542124542124,0.9230769230769231,60,0
MICE,MAR,0.3,42,60,0.02848620187708425,0.8870879120879123,0.901098901098901,60,0
MICE,MAR,0.3,43,60,0.025999109514439973,0.8554029304029306,0.8681318681318682,60,0
MICE,MAR,0.3,44,60,0.032727882279861634,0.8355311355311356,0.8461538461538461,60,0
MICE,MAR,0.3,45,60,0.032141170057675396,0.8713369963369965,0.8818681318681318,60,0
MICE,MAR,0.3,46,60,0.027458178475735864,0.9284798534798535,0.9340659340659341,60,0
MICE,MAR,0.3,47,60,0.038059699034385885,0.8010073260073259,0.8021978021978022,60,0
MICE,MAR,0.3,48,60,0.02253410105675056,0.8367216117216117,0.8351648351648352,60,0
MICE,MAR,0.3,49,60,0.03037334028433106,0.8677655677655676,0.8736263736263737,60,0
MICE,MCAR,0.1,42,60,0.017005098594263367,0.948901098901099,0.9560439560439561,60,0
MICE,MCAR,0.1,43,60,0.015067752417132917,0.9322344322344324,0.9340659340659341,60,0
MICE,MCAR,0.1,44,60,0.013941704853855055,0.9617216117216116,0.967032967032967,60,0
MICE,MCAR,0.1,45,60,0.019647157649117793,0.9389194139194139,0.9395604395604396,60,0
MICE,MCAR,0.1,46,60,0.010716986208089552,0.9545787545787546,0.9560439560439561,60,0
MICE,MCAR,0.1,47,60,0.010242210252366409,0.9666666666666667,0.9725274725274725,60,0
MICE,MCAR,0.1,48,60,0.014086888307350593,0.9264652014652014,0.9285714285714285,60,0
MICE,MCAR,0.1,49,60,0.010276271408137055,0.9053113553113553,0.9148351648351648,60,0
MICE,MCAR,0.2,42,60,0.027593320427729977,0.9127289377289377,0.9148351648351648,60,0
MICE,MCAR,0.2,43,60,0.030610727737650268,0.8726190476190477,0.8818681318681318,60,0
MICE,MCAR,0.2,44,60,0.033760623774340304,0.9065934065934066,0.9148351648351648,60,0
MICE,MCAR,0.2,45,60,0.021294133859622203,0.9068681318681318,0.9148351648351648,60,0
MICE,MCAR,0.2,46,60,0.028492959215853104,0.8706959706959708,0.8791208791208791,60,0
MICE,MCAR,0.2,47,60,0.014985936069307409,0.8941391941391942,0.9038461538461539,60,0
MICE,MCAR,0.2,48,60,0.02318472590927003,0.8816849816849818,0.8873626373626373,60,0
MICE,MCAR,0.2,49,60,0.019147369377327823,0.9239010989010988,0.9313186813186813,60,0
MICE,MCAR,0.3,42,60,0.01790935089366486,0.9316849816849817,0.9340659340659341,60,0
MICE,MCAR,0.3,43,60,0.022760431390342114,0.8858058608058609,0.8873626373626373,60,0
MICE,MCAR,0.3,44,60,0.017388686220621955,0.8386446886446887,0.8461538461538461,60,0
MICE,MCAR,0.3,45,60,0.029250454101296623,0.8832417582417583,0.8818681318681318,60,0
MICE,MCAR,0.3,46,60,0.035057512608315244,0.9053113553113553,0.9065934065934067,60,0
MICE,MCAR,0.3,47,60,0.03235714799396453,0.8705128205128204,0.8791208791208791,60,0
MICE,MCAR,0.3,48,60,0.022524103862972863,0.871062271062271,0.8818681318681318,60,0
MICE,MCAR,0.3,49,60,0.05280594541600682,0.8824175824175824,0.8901098901098902,60,0
MICE,MNAR,0.1,42,60,0.015815552935148847,0.9081501831501833,0.9120879120879121,60,0
MICE,MNAR,0.1,43,60,0.014054151285245483,0.9471611721611722,0.9505494505494506,60,0
MICE,MNAR,0.1,44,60,0.02032155928223147,0.948168498168498,0.9478021978021978,60,0
MICE,MNAR,0.1,45,60,0.028332277668379414,0.9313186813186812,0.9340659340659341,60,0
MICE,MNAR,0.1,46,60,0.033424590978060296,0.9155677655677655,0.9175824175824175,60,0
MICE,MNAR,0.1,47,60,0.020274845717928456,0.9493589743589743,0.9505494505494506,60,0
MICE,MNAR,0.1,48,60,0.025462470723530493,0.926831501831502,0.9340659340659341,60,0
MICE,MNAR,0.1,49,60,0.014747616247823368,0.9315934065934067,0.9395604395604396,60,0
MICE,MNAR,0.2,42,60,0.04833583868592909,0.8328754578754579,0.8406593406593407,60,0
MICE,MNAR,0.2,43,60,0.038404503046277357,0.8863553113553113,0.8901098901098902,60,0
MICE,MNAR,0.2,44,60,0.021490692395515796,0.9001831501831501,0.9120879120879121,60,0
MICE,MNAR,0.2,45,60,0.025383546890126535,0.9032967032967034,0.9065934065934067,60,0
MICE,MNAR,0.2,46,60,0.036395924394534526,0.8405677655677657,0.8406593406593407,60,0
MICE,MNAR,0.2,47,60,0.03300563672624229,0.8663003663003663,0.8763736263736264,60,0
MICE,MNAR,0.2,48,60,0.03826912300747294,0.8347985347985347,0.8379120879120879,60,0
MICE,MNAR,0.2,49,60,0.03460263418222513,0.8624542124542124,0.8681318681318682,60,0
MICE,MNAR,0.3,42,60,0.03673292006731509,0.8387362637362636,0.8351648351648352,60,0
MICE,MNAR,0.3,43,60,0.056643783336239234,0.6885531135531134,0.695054945054945,60,0
MICE,MNAR,0.3,44,60,0.05678084723632419,0.6705128205128207,0.6703296703296703,60,0
MICE,MNAR,0.3,45,60,0.055669251521534506,0.592032967032967,0.6071428571428572,60,0
MICE,MNAR,0.3,46,60,0.05655027435729003,0.7402014652014651,0.7472527472527472,60,0
MICE,MNAR,0.3,47,60,0.06639123273471818,0.5713369963369962,0.5686813186813187,60,0
MICE,MNAR,0.3,48,60,0.06891282588820398,0.6107142857142858,0.6263736263736264,60,0
MICE,MNAR,0.3,49,60,0.04388905421743079,0.8036630036630036,0.8214285714285714,60,0
Mean/Mode,MAR,0.1,42,60,0.011817678405483995,0.9248168498168498,0.9285714285714285,60,0
Mean/Mode,MAR,0.1,43,60,0.014312258235954611,0.9336080586080587,0.9395604395604396,60,0
Mean/Mode,MAR,0.1,44,60,0.02109831901409817,0.9206043956043958,0.9230769230769231,60,0
Mean/Mode,MAR,0.1,45,60,0.01739477512196012,0.9212454212454213,0.9230769230769231,60,0
Mean/Mode,MAR,0.1,46,60,0.010776672188847362,0.9352564102564102,0.9395604395604396,60,0
Mean/Mode,MAR,0.1,47,60,0.019871564343208737,0.9201465201465201,0.9203296703296704,60,0
Mean/Mode,MAR,0.1,48,60,0.012237298362249458,0.9498168498168499,0.9560439560439561,60,0
Mean/Mode,MAR,0.1,49,60,0.014894588825053701,0.9298534798534798,0.9395604395604396,60,0
Mean/Mode,MAR,0.2,42,60,0.02954308787402939,0.8451465201465201,0.8516483516483516,60,0
Mean/Mode,MAR,0.2,43,60,0.03028732762907499,0.8037545787545787,0.8021978021978022,60,0
Mean/Mode,MAR,0.2,44,60,0.026232858759933645,0.8458791208791209,0.8489010989010989,60,0
Mean/Mode,MAR,0.2,45,60,0.026187085620556442,0.8440476190476189,0.8406593406593407,60,0
Mean/Mode,MAR,0.2,46,60,0.02164900771309826,0.8984432234432235,0.8956043956043955,60,0
Mean/Mode,MAR,0.2,47,60,0.023801770459511255,0.8524725274725273,0.8598901098901098,60,0
Mean/Mode,MAR,0.2,48,60,0.02072409243331925,0.9153846153846154,0.9175824175824175,60,0
Mean/Mode,MAR,0.2,49,60,0.030699687181214377,0.8409340659340658,0.8461538461538461,60,0
Mean/Mode,MAR,0.3,42,60,0.029278380581705704,0.8412087912087911,0.8351648351648352,60,0
Mean/Mode,MAR,0.3,43,60,0.030824192760769836,0.832967032967033,0.8379120879120879,60,0
Mean/Mode,MAR,0.3,44,60,0.02845796502254308,0.8343406593406594,0.8324175824175825,60,0
Mean/Mode,MAR,0.3,45,60,0.033621763710817376,0.8074175824175822,0.8104395604395604,60,0
Mean/Mode,MAR,0.3,46,60,0.02757339132511681,0.861080586080586,0.8736263736263737,60,0
Mean/Mode,MAR,0.3,47,60,0.032882255809908105,0.8274725274725275,0.8241758241758241,60,0
Mean/Mode,MAR,0.3,48,60,0.03571530575139254,0.819047619047619,0.8241758241758241,60,0
Mean/Mode,MAR,0.3,49,60,0.03156864040311279,0.8053113553113553,0.8076923076923077,60,0
Mean/Mode,MCAR,0.1,42,60,0.021983909874040197,0.9315934065934067,0.9340659340659341,60,0
Mean/Mode,MCAR,0.1,43,60,0.011194680590877668,0.9574175824175825,0.9615384615384615,60,0
Mean/Mode,MCAR,0.1,44,60,0.011419834018794142,0.9204212454212455,0.9285714285714285,60,0
Mean/Mode,MCAR,0.1,45,60,0.013242579512111965,0.9554029304029305,0.9615384615384615,60,0
Mean/Mode,MCAR,0.1,46,60,0.01626160778544495,0.9608974358974359,0.9615384615384615,60,0
Mean/Mode,MCAR,0.1,47,60,0.01267065678951675,0.9640109890109889,0.9725274725274725,60,0
Mean/Mode,MCAR,0.1,48,60,0.011997403133563053,0.924908424908425,0.9285714285714285,60,0
Mean/Mode,MCAR,0.1,49,60,0.012715485037373138,0.9016483516483516,0.9120879120879121,60,0
Mean/Mode,MCAR,0.2,42,60,0.040908592405321194,0.8212454212454212,0.8269230769230769,60,0
Mean/Mode,MCAR,0.2,43,60,0.018001820352547205,0.9008241758241758,0.9038461538461539,60,0
Mean/Mode,MCAR,0.2,44,60,0.01845754451116908,0.9461538461538461,0.9560439560439561,60,0
Mean/Mode,MCAR,0.2,45,60,0.021381438036271037,0.9450549450549451,0.9505494505494506,60,0
Mean/Mode,MCAR,0.2,46,60,0.0299186895106017,0.891941391941392,0.8956043956043955,60,0
Mean/Mode,MCAR,0.2,47,60,0.020369350190957442,0.9118131868131868,0.9203296703296704,60,0
Mean/Mode,MCAR,0.2,48,60,0.03278316723242984,0.7884615384615384,0.7857142857142857,60,0
Mean/Mode,MCAR,0.2,49,60,0.02707362280094833,0.9192307692307692,0.9258241758241759,60,0
Mean/Mode,MCAR,0.3,42,60,0.020659272403856555,0.9066849816849818,0.9093406593406594,60,0
Mean/Mode,MCAR,0.3,43,60,0.02261880455531624,0.8668498168498168,0.8708791208791209,60,0
Mean/Mode,MCAR,0.3,44,60,0.02653890241173642,0.9043956043956045,0.9065934065934067,60,0
Mean/Mode,MCAR,0.3,45,60,0.03180284239596093,0.8993589743589742,0.9120879120879121,60,0
Mean/Mode,MCAR,0.3,46,60,0.03134269007952323,0.9224358974358976,0.9285714285714285,60,0
Mean/Mode,MCAR,0.3,47,60,0.030210296501054817,0.8642857142857143,0.8736263736263737,60,0
Mean/Mode,MCAR,0.3,48,60,0.03125078644504032,0.7964285714285714,0.8076923076923077,60,0
Mean/Mode,MCAR,0.3,49,60,0.02832336671739371,0.9106227106227107,0.9175824175824175,60,0
Mean/Mode,MNAR,0.1,42,60,0.020886214790485,0.8911172161172161,0.8956043956043955,60,0
Mean/Mode,MNAR,0.1,43,60,0.0196537805764998,0.9274725274725275,0.9285714285714285,60,0
Mean/Mode,MNAR,0.1,44,60,0.018096347830843233,0.9427655677655677,0.9505494505494506,60,0
Mean/Mode,MNAR,0.1,45,60,0.026430784464795777,0.9148351648351648,0.9230769230769231,60,0
Mean/Mode,MNAR,0.1,46,60,0.025505448122332887,0.9282051282051283,0.9285714285714285,60,0
Mean/Mode,MNAR,0.1,47,60,0.02081994416962107,0.9260073260073262,0.9230769230769231,60,0
Mean/Mode,MNAR,0.1,48,60,0.018968010646307,0.9397435897435897,0.945054945054945,60,0
Mean/Mode,MNAR,0.1,49,60,0.023277690210456035,0.960989010989011,0.9642857142857142,60,0
Mean/Mode,MNAR,0.2,42,60,0.044220945274019034,0.7794871794871795,0.7994505494505495,60,0
Mean/Mode,MNAR,0.2,43,60,0.03839492967929866,0.894230769230769,0.8983516483516483,60,0
Mean/Mode,MNAR,0.2,44,60,0.03089430683610706,0.866941391941392,0.8736263736263737,60,0
Mean/Mode,MNAR,0.2,45,60,0.036960062807074395,0.7777472527472528,0.7884615384615385,60,0
Mean/Mode,MNAR,0.2,46,60,0.032028359111332005,0.8608974358974357,0.8708791208791209,60,0
Mean/Mode,MNAR,0.2,47,60,0.0457082010141281,0.79496336996337,0.7912087912087913,60,0
Mean/Mode,MNAR,0.2,48,60,0.03568898416423823,0.8590659340659342,0.8653846153846154,60,0
Mean/Mode,MNAR,0.2,49,60,0.035186528268098954,0.8112637362637363,0.8131868131868131,60,0
Mean/Mode,MNAR,0.3,42,60,0.03804477657103615,0.7883699633699633,0.7912087912087913,60,0
Mean/Mode,MNAR,0.3,43,60,0.05224451559340887,0.5630952380952381,0.5549450549450549,60,0
Mean/Mode,MNAR,0.3,44,60,0.04867654980759939,0.7277472527472527,0.7445054945054945,60,0
Mean/Mode,MNAR,0.3,45,60,0.057752614698418844,0.5822344322344323,0.5961538461538461,60,0
Mean/Mode,MNAR,0.3,46,60,0.05820726798795907,0.6152014652014652,0.6263736263736264,60,0
Mean/Mode,MNAR,0.3,47,60,0.0592673375417652,0.6256410256410255,0.6318681318681317,60,0
Mean/Mode,MNAR,0.3,48,60,0.06804115521871316,0.5554029304029304,0.5467032967032966,60,0
Mean/Mode,MNAR,0.3,49,60,0.037659556787516334,0.7898351648351647,0.7884615384615385,60,0
RF-iterative,MAR,0.1,42,60,0.009849737918244483,0.9461538461538461,0.9505494505494506,60,0
RF-iterative,MAR,0.1,43,60,0.017524507361018203,0.9162087912087912,0.9230769230769231,60,0
RF-iterative,MAR,0.1,44,60,0.016351326196921295,0.9379120879120879,0.945054945054945,60,0
RF-iterative,MAR,0.1,45,60,0.018931639405221846,0.9061355311355311,0.9038461538461539,60,0
RF-iterative,MAR,0.1,46,60,0.01910739084119463,0.9550366300366302,0.9587912087912087,60,0
RF-iterative,MAR,0.1,47,60,0.014201287961006493,0.9176739926739927,0.9175824175824175,60,0
RF-iterative,MAR,0.1,48,60,0.010127855255615032,0.9297619047619048,0.9340659340659341,60,0
RF-iterative,MAR,0.1,49,60,0.016671930594721024,0.925915750915751,0.9340659340659341,60,0
RF-iterative,MAR,0.2,42,60,0.024787870339174747,0.895054945054945,0.8956043956043955,60,0
RF-iterative,MAR,0.2,43,60,0.018338639662096916,0.8924908424908424,0.8956043956043955,60,0
RF-iterative,MAR,0.2,44,60,0.013791563540360548,0.891117216117216,0.8956043956043955,60,0
RF-iterative,MAR,0.2,45,60,0.03537927338886438,0.8320512820512822,0.8351648351648352,60,0
RF-iterative,MAR,0.2,46,60,0.01945624059182215,0.902106227106227,0.9065934065934067,60,0
RF-iterative,MAR,0.2,47,60,0.022586823047455087,0.865018315018315,0.8708791208791209,60,0
RF-iterative,MAR,0.2,48,60,0.022035446211166786,0.8953296703296705,0.8956043956043955,60,0
RF-iterative,MAR,0.2,49,60,0.02145113308775914,0.9153846153846155,0.9230769230769231,60,0
RF-iterative,MAR,0.3,42,60,0.03091148856427491,0.8423992673992674,0.8434065934065934,60,0
RF-iterative,MAR,0.3,43,60,0.023824995945771688,0.8973443223443223,0.9065934065934067,60,0
RF-iterative,MAR,0.3,44,60,0.027317949966166214,0.8809523809523809,0.8791208791208791,60,0
RF-iterative,MAR,0.3,45,60,0.03208487012002022,0.8586996336996336,0.8681318681318682,60,0
RF-iterative,MAR,0.3,46,60,0.03523902495404428,0.8003663003663003,0.8021978021978022,60,0
RF-iterative,MAR,0.3,47,60,0.04159845483834168,0.8317765567765568,0.8406593406593407,60,0
RF-iterative,MAR,0.3,48,60,0.030428022139443456,0.7844322344322343,0.7857142857142857,60,0
RF-iterative,MAR,0.3,49,60,0.0304472553684953,0.8593406593406594,0.8708791208791209,60,0
RF-iterative,MCAR,0.1,42,60,0.019316958745189756,0.9447802197802198,0.9505494505494506,60,0
RF-iterative,MCAR,0.1,43,60,0.022100542796337965,0.9327838827838827,0.9368131868131868,60,0
RF-iterative,MCAR,0.1,44,60,0.01402471359401469,0.9391941391941392,0.945054945054945,60,0
RF-iterative,MCAR,0.1,45,60,0.020245742350607384,0.9417582417582417,0.945054945054945,60,0
RF-iterative,MCAR,0.1,46,60,0.01259245759892617,0.9564102564102563,0.967032967032967,60,0
RF-iterative,MCAR,0.1,47,60,0.013812483688235911,0.9527472527472527,0.9615384615384615,60,0
RF-iterative,MCAR,0.1,48,60,0.012265173707915102,0.9362637362637364,0.9423076923076923,60,0
RF-iterative,MCAR,0.1,49,60,0.011123228757884894,0.9211538461538463,0.9285714285714285,60,0
RF-iterative,MCAR,0.2,42,60,0.021814838267964494,0.9423992673992674,0.9505494505494506,60,0
RF-iterative,MCAR,0.2,43,60,0.01601143522454464,0.8952380952380953,0.901098901098901,60,0
RF-iterative,MCAR,0.2,44,60,0.02663389549306119,0.9282051282051283,0.9395604395604396,60,0
RF-iterative,MCAR,0.2,45,60,0.023702037627108694,0.9347069597069597,0.9395604395604396,60,0
RF-iterative,MCAR,0.2,46,60,0.030799341442524962,0.8521062271062271,0.8763736263736264,60,0
RF-iterative,MCAR,0.2,47,60,0.010836281613766983,0.9371794871794871,0.945054945054945,60,0
RF-iterative,MCAR,0.2,48,60,0.02011691450457968,0.8810439560439559,0.8901098901098902,60,0
RF-iterative,MCAR,0.2,49,60,0.01803888780112407,0.9172161172161172,0.9285714285714285,60,0
RF-iterative,MCAR,0.3,42,60,0.018988852196952295,0.9402014652014651,0.9478021978021978,60,0
RF-iterative,MCAR,0.3,43,60,0.018589071639347143,0.9110805860805862,0.9230769230769231,60,0
RF-iterative,MCAR,0.3,44,60,0.020048104379722605,0.8483516483516483,0.8516483516483516,60,0
RF-iterative,MCAR,0.3,45,60,0.026364286327304705,0.8923076923076924,0.8901098901098902,60,0
RF-iterative,MCAR,0.3,46,60,0.02387436561810732,0.8469780219780219,0.8461538461538461,60,0
RF-iterative,MCAR,0.3,47,60,0.02150658060302099,0.9106227106227106,0.9175824175824175,60,0
RF-iterative,MCAR,0.3,48,60,0.019065901354206268,0.8917582417582416,0.901098901098901,60,0
RF-iterative,MCAR,0.3,49,60,0.024851457976049825,0.9131868131868132,0.9258241758241759,60,0
RF-iterative,MNAR,0.1,42,60,0.011412280722943592,0.9277472527472527,0.9230769230769231,60,0
RF-iterative,MNAR,0.1,43,60,0.01127171308525315,0.9422161172161173,0.9505494505494506,60,0
RF-iterative,MNAR,0.1,44,60,0.021667479890330705,0.9471611721611723,0.9505494505494506,60,0
RF-iterative,MNAR,0.1,45,60,0.015276955698197908,0.9310439560439561,0.9395604395604396,60,0
RF-iterative,MNAR,0.1,46,60,0.026148491333383587,0.9328754578754579,0.9395604395604396,60,0
RF-iterative,MNAR,0.1,47,60,0.013481132048598842,0.9326923076923078,0.9340659340659341,60,0
RF-iterative,MNAR,0.1,48,60,0.0216498900647084,0.8966117216117218,0.9065934065934067,60,0
RF-iterative,MNAR,0.1,49,60,0.012053367303762687,0.9585164835164834,0.9642857142857142,60,0
RF-iterative,MNAR,0.2,42,60,0.034059157293069055,0.8785714285714287,0.8901098901098901,60,0
RF-iterative,MNAR,0.2,43,60,0.030732527408398855,0.8985347985347986,0.9120879120879121,60,0
RF-iterative,MNAR,0.2,44,60,0.01765855507195266,0.9006410256410258,0.9065934065934067,60,0
RF-iterative,MNAR,0.2,45,60,0.014201513704796631,0.9478021978021979,0.9560439560439561,60,0
RF-iterative,MNAR,0.2,46,60,0.028370800619692278,0.8987179487179487,0.9093406593406594,60,0
RF-iterative,MNAR,0.2,47,60,0.027864250364649845,0.8665750915750915,0.8763736263736264,60,0
RF-iterative,MNAR,0.2,48,60,0.03210877093347321,0.8673076923076923,0.8736263736263737,60,0
RF-iterative,MNAR,0.2,49,60,0.02503466476255613,0.8894688644688646,0.8983516483516483,60,0
RF-iterative,MNAR,0.3,42,60,0.030325974062085086,0.8704212454212455,0.8846153846153846,60,0
RF-iterative,MNAR,0.3,43,60,0.034709133549162975,0.8377289377289376,0.8516483516483516,60,0
RF-iterative,MNAR,0.3,44,60,0.039251685738815094,0.8095238095238092,0.8269230769230769,60,0
RF-iterative,MNAR,0.3,45,60,0.04215749981699484,0.8242673992673991,0.8241758241758241,60,0
RF-iterative,MNAR,0.3,46,60,0.03271178358564351,0.8539377289377289,0.8626373626373626,60,0
RF-iterative,MNAR,0.3,47,60,0.05103848020267196,0.6919413919413919,0.6978021978021978,60,0
RF-iterative,MNAR,0.3,48,60,0.05280798185989882,0.7679487179487179,0.7664835164835164,60,0
RF-iterative,MNAR,0.3,49,60,0.024189305223722566,0.865934065934066,0.8708791208791209,60,0
