method,mechanism,rate,seed,nrmse,pfc,variant_filename,n_missing_cells_scored,n_continuous_cells_scored,n_categorical_cells_scored
KNN,MAR,0.1,42,1.152216782994734,0.5095238095238095,MAR_rate10_seed42.csv,330,120,210
KNN,MAR,0.1,43,1.0616447414939885,0.5476190476190477,MAR_rate10_seed43.csv,330,120,210
KNN,MAR,0.1,44,0.96727743891433,0.4857142857142857,MAR_rate10_seed44.csv,330,120,210
KNN,MAR,0.1,45,1.0208718363232043,0.5523809523809524,MAR_rate10_seed45.csv,330,120,210
KNN,MAR,0.1,46,1.0708918634648115,0.5142857142857142,MAR_rate10_seed46.csv,330,120,210
KNN,MAR,0.1,47,1.0326586766367838,0.49523809523809526,MAR_rate10_seed47.csv,330,120,210
KNN,MAR,0.1,48,1.0110461068731216,0.5142857142857142,MAR_rate10_seed48.csv,330,120,210
KNN,MAR,0.1,49,1.081281311725233,0.46190476190476193,MAR_rate10_seed49.csv,330,120,210
KNN,MAR,0.2,42,1.1403744893044756,0.5012106537530266,MAR_rate20_seed42.csv,649,236,413
KNN,MAR,0.2,43,1.1048758820159459,0.5181598062953995,MAR_rate20_seed43.csv,649,236,413
KNN,MAR,0.2,44,1.1858255417985373,0.5326876513317191,MAR_rate20_seed44.csv,649,236,413
KNN,MAR,0.2,45,1.1131825307100884,0.5254237288135594,MAR_rate20_seed45.csv,649,236,413
KNN,MAR,0.2,46,1.1196027448000851,0.5375302663438256,MAR_rate20_seed46.csv,649,236,413
KNN,MAR,0.2,47,1.1791862457925422,0.5399515738498789,MAR_rate20_seed47.csv,649,236,413
KNN,MAR,0.2,48,1.0779751056095512,0.5472154963680388,MAR_rate20_seed48.csv,649,236,413
KNN,MAR,0.2,49,1.143877960699963,0.5012106537530266,MAR_rate20_seed49.csv,649,236,413
KNN,MAR,0.3,42,1.0765930873414926,0.593900481540931,MAR_rate30_seed42.csv,979,356,623
KNN,MAR,0.3,43,1.1419071205454934,0.5409309791332263,MAR_rate30_seed43.csv,979,356,623
KNN,MAR,0.3,44,1.063090399153823,0.5248796147672552,MAR_rate30_seed44.csv,979,356,623
KNN,MAR,0.3,45,1.0829171629846954,0.5682182985553772,MAR_rate30_seed45.csv,979,356,623
KNN,MAR,0.3,46,1.1580364860377257,0.5264847512038523,MAR_rate30_seed46.csv,979,356,623
KNN,MAR,0.3,47,1.0476390622297997,0.5104333868378812,MAR_rate30_seed47.csv,979,356,623
KNN,MAR,0.3,48,1.107284029347094,0.4959871589085072,MAR_rate30_seed48.csv,979,356,623
KNN,MAR,0.3,49,1.1121043969350188,0.579454253611557,MAR_rate30_seed49.csv,979,356,623
KNN,MCAR,0.1,42,0.8438148127540702,0.45714285714285713,MCAR_rate10_seed42.csv,330,120,210
KNN,MCAR,0.1,43,1.0483506055293161,0.41904761904761906,MCAR_rate10_seed43.csv,330,120,210
KNN,MCAR,0.1,44,0.9202055724212707,0.49047619047619045,MCAR_rate10_seed44.csv,330,120,210
KNN,MCAR,0.1,45,0.9433647468396078,0.3904761904761905,MCAR_rate10_seed45.csv,330,120,210
KNN,MCAR,0.1,46,0.9167973892943188,0.5,MCAR_rate10_seed46.csv,330,120,210
KNN,MCAR,0.1,47,0.9707861076097218,0.4,MCAR_rate10_seed47.csv,330,120,210
KNN,MCAR,0.1,48,1.1119196525972923,0.49523809523809526,MCAR_rate10_seed48.csv,330,120,210
KNN,MCAR,0.1,49,0.955319748670367,0.45714285714285713,MCAR_rate10_seed49.csv,330,120,210
KNN,MCAR,0.2,42,0.9220507648701113,0.46731234866828086,MCAR_rate20_seed42.csv,649,236,413
KNN,MCAR,0.2,43,0.9607646189933033,0.46973365617433416,MCAR_rate20_seed43.csv,649,236,413
KNN,MCAR,0.2,44,0.9273628160910841,0.4261501210653753,MCAR_rate20_seed44.csv,649,236,413
KNN,MCAR,0.2,45,0.9534728018229698,0.46973365617433416,MCAR_rate20_seed45.csv,649,236,413
KNN,MCAR,0.2,46,0.9889536015299292,0.4721549636803874,MCAR_rate20_seed46.csv,649,236,413
KNN,MCAR,0.2,47,0.9636898476417178,0.4430992736077482,MCAR_rate20_seed47.csv,649,236,413
KNN,MCAR,0.2,48,0.9740930101157355,0.4939467312348668,MCAR_rate20_seed48.csv,649,236,413
KNN,MCAR,0.2,49,1.007931909618282,0.4721549636803874,MCAR_rate20_seed49.csv,649,236,413
KNN,MCAR,0.3,42,1.0359280514156357,0.48314606741573035,MCAR_rate30_seed42.csv,979,356,623
KNN,MCAR,0.3,43,0.9572091711102835,0.48314606741573035,MCAR_rate30_seed43.csv,979,356,623
KNN,MCAR,0.3,44,0.9952401910372157,0.4895666131621188,MCAR_rate30_seed44.csv,979,356,623
KNN,MCAR,0.3,45,0.9911760035152858,0.4895666131621188,MCAR_rate30_seed45.csv,979,356,623
KNN,MCAR,0.3,46,0.9551088123273501,0.47351524879614765,MCAR_rate30_seed46.csv,979,356,623
KNN,MCAR,0.3,47,0.945478132526037,0.46869983948635635,MCAR_rate30_seed47.csv,979,356,623
KNN,MCAR,0.3,48,1.042083247392511,0.492776886035313,MCAR_rate30_seed48.csv,979,356,623
KNN,MCAR,0.3,49,1.0297215033786957,0.43659711075441415,MCAR_rate30_seed49.csv,979,356,623
KNN,MNAR,0.1,42,1.4271696147225597,0.7333333333333333,MNAR_rate10_seed42.csv,330,120,210
KNN,MNAR,0.1,43,1.4870929657033807,0.7571428571428571,MNAR_rate10_seed43.csv,330,120,210
KNN,MNAR,0.1,44,1.4098956650556915,0.7857142857142857,MNAR_rate10_seed44.csv,330,120,210
KNN,MNAR,0.1,45,1.5577631537072651,0.7571428571428571,MNAR_rate10_seed45.csv,330,120,210
KNN,MNAR,0.1,46,1.5037596208408797,0.7476190476190476,MNAR_rate10_seed46.csv,330,120,210
KNN,MNAR,0.1,47,1.520965306267377,0.7428571428571429,MNAR_rate10_seed47.csv,330,120,210
KNN,MNAR,0.1,48,1.4565789831324345,0.7619047619047619,MNAR_rate10_seed48.csv,330,120,210
KNN,MNAR,0.1,49,1.5912220142027063,0.7476190476190476,MNAR_rate10_seed49.csv,330,120,210
KNN,MNAR,0.2,42,1.6161437788522268,0.7506053268765133,MNAR_rate20_seed42.csv,649,236,413
KNN,MNAR,0.2,43,1.6007155675235336,0.784503631961259,MNAR_rate20_seed43.csv,649,236,413
KNN,MNAR,0.2,44,1.4895742287101579,0.7627118644067796,MNAR_rate20_seed44.csv,649,236,413
KNN,MNAR,0.2,45,1.5397829933020115,0.774818401937046,MNAR_rate20_seed45.csv,649,236,413
KNN,MNAR,0.2,46,1.4826104053463631,0.7941888619854721,MNAR_rate20_seed46.csv,649,236,413
KNN,MNAR,0.2,47,1.5689516497653544,0.7941888619854721,MNAR_rate20_seed47.csv,649,236,413
KNN,MNAR,0.2,48,1.5705970813976111,0.7869249394673123,MNAR_rate20_seed48.csv,649,236,413
KNN,MNAR,0.2,49,1.518726240055846,0.7893462469733656,MNAR_rate20_seed49.csv,649,236,413
KNN,MNAR,0.3,42,1.5889215928955154,0.8057784911717496,MNAR_rate30_seed42.csv,979,356,623
KNN,MNAR,0.3,43,1.5239100219750201,0.812199036918138,MNAR_rate30_seed43.csv,979,356,623
KNN,MNAR,0.3,44,1.5295670017326553,0.8138041733547352,MNAR_rate30_seed44.csv,979,356,623
KNN,MNAR,0.3,45,1.6170114281222172,0.7945425361155698,MNAR_rate30_seed45.csv,979,356,623
KNN,MNAR,0.3,46,1.6008989955713808,0.8202247191011236,MNAR_rate30_seed46.csv,979,356,623
KNN,MNAR,0.3,47,1.5849983943364299,0.8234349919743178,MNAR_rate30_seed47.csv,979,356,623
KNN,MNAR,0.3,48,1.5839062988714203,0.812199036918138,MNAR_rate30_seed48.csv,979,356,623
KNN,MNAR,0.3,49,1.5899583497050729,0.8346709470304976,MNAR_rate30_seed49.csv,979,356,623
MICE,MAR,0.1,42,1.1256809096156584,0.5285714285714286,MAR_rate10_seed42.csv,330,120,210
MICE,MAR,0.1,43,0.9239136432113845,0.5095238095238095,MAR_rate10_seed43.csv,330,120,210
MICE,MAR,0.1,44,0.8977732819908945,0.5714285714285714,MAR_rate10_seed44.csv,330,120,210
MICE,MAR,0.1,45,1.005331876780739,0.5380952380952381,MAR_rate10_seed45.csv,330,120,210
MICE,MAR,0.1,46,0.9484018036355714,0.5523809523809524,MAR_rate10_seed46.csv,330,120,210
MICE,MAR,0.1,47,1.0621309066986302,0.47619047619047616,MAR_rate10_seed47.csv,330,120,210
MICE,MAR,0.1,48,0.9333938524424849,0.5428571428571428,MAR_rate10_seed48.csv,330,120,210
MICE,MAR,0.1,49,0.8872257320899308,0.5190476190476191,MAR_rate10_seed49.csv,330,120,210
MICE,MAR,0.2,42,1.0746374293130954,0.5399515738498789,MAR_rate20_seed42.csv,649,236,413
MICE,MAR,0.2,43,1.0263827909889014,0.5738498789346247,MAR_rate20_seed43.csv,649,236,413
MICE,MAR,0.2,44,1.0067076749364514,0.5447941888619855,MAR_rate20_seed44.csv,649,236,413
MICE,MAR,0.2,45,1.0012128041556185,0.5399515738498789,MAR_rate20_seed45.csv,649,236,413
MICE,MAR,0.2,46,1.0501278253717843,0.5472154963680388,MAR_rate20_seed46.csv,649,236,413
MICE,MAR,0.2,47,1.0926466451396188,0.5907990314769975,MAR_rate20_seed47.csv,649,236,413
MICE,MAR,0.2,48,1.0971292715690142,0.5399515738498789,MAR_rate20_seed48.csv,649,236,413
MICE,MAR,0.2,49,1.055966291516023,0.5520581113801453,MAR_rate20_seed49.csv,649,236,413
MICE,MAR,0.3,42,0.9924996494698052,0.5425361155698234,MAR_rate30_seed42.csv,979,356,623
MICE,MAR,0.3,43,1.0156130142817812,0.5634028892455859,MAR_rate30_seed43.csv,979,356,623
MICE,MAR,0.3,44,1.0488773919567072,0.5441412520064205,MAR_rate30_seed44.csv,979,356,623
MICE,MAR,0.3,45,1.0520982898901763,0.5858747993579454,MAR_rate30_seed45.csv,979,356,623
MICE,MAR,0.3,46,1.0008110802136947,0.550561797752809,MAR_rate30_seed46.csv,979,356,623
MICE,MAR,0.3,47,1.0287334879547525,0.5634028892455859,MAR_rate30_seed47.csv,979,356,623
MICE,MAR,0.3,48,1.0347126349561764,0.5601926163723917,MAR_rate30_seed48.csv,979,356,623
MICE,MAR,0.3,49,1.0233865119734593,0.5634028892455859,MAR_rate30_seed49.csv,979,356,623
MICE,MCAR,0.1,42,0.8072209554940524,0.44761904761904764,MCAR_rate10_seed42.csv,330,120,210
MICE,MCAR,0.1,43,0.9571789570174268,0.4238095238095238,MCAR_rate10_seed43.csv,330,120,210
MICE,MCAR,0.1,44,0.8270141879090572,0.48095238095238096,MCAR_rate10_seed44.csv,330,120,210
MICE,MCAR,0.1,45,0.8702303889878823,0.44761904761904764,MCAR_rate10_seed45.csv,330,120,210
MICE,MCAR,0.1,46,0.8970495379194452,0.5571428571428572,MCAR_rate10_seed46.csv,330,120,210
MICE,MCAR,0.1,47,0.9663458092599176,0.4380952380952381,MCAR_rate10_seed47.csv,330,120,210
MICE,MCAR,0.1,48,0.9920511032023492,0.4380952380952381,MCAR_rate10_seed48.csv,330,120,210
MICE,MCAR,0.1,49,0.8817178868081524,0.5047619047619047,MCAR_rate10_seed49.csv,330,120,210
MICE,MCAR,0.2,42,0.9217103227922147,0.4915254237288136,MCAR_rate20_seed42.csv,649,236,413
MICE,MCAR,0.2,43,0.7995297135252655,0.5108958837772397,MCAR_rate20_seed43.csv,649,236,413
MICE,MCAR,0.2,44,0.8689020176343201,0.4794188861985472,MCAR_rate20_seed44.csv,649,236,413
MICE,MCAR,0.2,45,0.9154029527593113,0.4721549636803874,MCAR_rate20_seed45.csv,649,236,413
MICE,MCAR,0.2,46,0.8719768477847978,0.4915254237288136,MCAR_rate20_seed46.csv,649,236,413
MICE,MCAR,0.2,47,0.9336751995527659,0.46973365617433416,MCAR_rate20_seed47.csv,649,236,413
MICE,MCAR,0.2,48,0.96873074899763,0.4891041162227603,MCAR_rate20_seed48.csv,649,236,413
MICE,MCAR,0.2,49,0.9534725103341208,0.47699757869249393,MCAR_rate20_seed49.csv,649,236,413
MICE,MCAR,0.3,42,0.9757203877705332,0.5024077046548957,MCAR_rate30_seed42.csv,979,356,623
MICE,MCAR,0.3,43,0.9833325234889834,0.49759229534510435,MCAR_rate30_seed43.csv,979,356,623
MICE,MCAR,0.3,44,1.0836018773895526,0.5056179775280899,MCAR_rate30_seed44.csv,979,356,623
MICE,MCAR,0.3,45,0.8953269206596164,0.48635634028892455,MCAR_rate30_seed45.csv,979,356,623
MICE,MCAR,0.3,46,1.02245175849395,0.48314606741573035,MCAR_rate30_seed46.csv,979,356,623
MICE,MCAR,0.3,47,0.8991400605337126,0.4911717495987159,MCAR_rate30_seed47.csv,979,356,623
MICE,MCAR,0.3,48,0.9840368013458789,0.5136436597110754,MCAR_rate30_seed48.csv,979,356,623
MICE,MCAR,0.3,49,1.026135814007555,0.48475120385232745,MCAR_rate30_seed49.csv,979,356,623
MICE,MNAR,0.1,42,1.3931396810772976,0.8047619047619048,MNAR_rate10_seed42.csv,330,120,210
MICE,MNAR,0.1,43,1.3786046127361158,0.8095238095238095,MNAR_rate10_seed43.csv,330,120,210
MICE,MNAR,0.1,44,1.3800920225758646,0.8095238095238095,MNAR_rate10_seed44.csv,330,120,210
MICE,MNAR,0.1,45,1.487795761258641,0.8714285714285714,MNAR_rate10_seed45.csv,330,120,210
MICE,MNAR,0.1,46,1.4237791743646566,0.8095238095238095,MNAR_rate10_seed46.csv,330,120,210
MICE,MNAR,0.1,47,1.4484186452882104,0.819047619047619,MNAR_rate10_seed47.csv,330,120,210
MICE,MNAR,0.1,48,1.357167123725373,0.8238095238095238,MNAR_rate10_seed48.csv,330,120,210
MICE,MNAR,0.1,49,1.5740128378754976,0.8095238095238095,MNAR_rate10_seed49.csv,330,120,210
MICE,MNAR,0.2,42,1.5527966527271084,0.8135593220338984,MNAR_rate20_seed42.csv,649,236,413
MICE,MNAR,0.2,43,1.6220978156919754,0.864406779661017,MNAR_rate20_seed43.csv,649,236,413
MICE,MNAR,0.2,44,1.4768843122559954,0.8353510895883777,MNAR_rate20_seed44.csv,649,236,413
MICE,MNAR,0.2,45,1.5177793066374845,0.8208232445520581,MNAR_rate20_seed45.csv,649,236,413
MICE,MNAR,0.2,46,1.5129100303290344,0.837772397094431,MNAR_rate20_seed46.csv,649,236,413
MICE,MNAR,0.2,47,1.523513330749118,0.8426150121065376,MNAR_rate20_seed47.csv,649,236,413
MICE,MNAR,0.2,48,1.5537076450470781,0.8256658595641646,MNAR_rate20_seed48.csv,649,236,413
MICE,MNAR,0.2,49,1.518636187899907,0.8111380145278451,MNAR_rate20_seed49.csv,649,236,413
MICE,MNAR,0.3,42,1.5074260248357836,0.8138041733547352,MNAR_rate30_seed42.csv,979,356,623
MICE,MNAR,0.3,43,1.5316533733656805,0.8507223113964687,MNAR_rate30_seed43.csv,979,356,623
MICE,MNAR,0.3,44,1.5142103691292899,0.8138041733547352,MNAR_rate30_seed44.csv,979,356,623
MICE,MNAR,0.3,45,1.5585068444041912,0.8218298555377207,MNAR_rate30_seed45.csv,979,356,623
MICE,MNAR,0.3,46,1.5631845236174229,0.8250401284109149,MNAR_rate30_seed46.csv,979,356,623
MICE,MNAR,0.3,47,1.572835226875955,0.8298555377207063,MNAR_rate30_seed47.csv,979,356,623
MICE,MNAR,0.3,48,1.5392812459598983,0.8330658105939005,MNAR_rate30_seed48.csv,979,356,623
MICE,MNAR,0.3,49,1.5146546289088598,0.8346709470304976,MNAR_rate30_seed49.csv,979,356,623
Mean/Mode,MAR,0.1,42,1.1335032288824873,0.48095238095238096,MAR_rate10_seed42.csv,330,120,210
Mean/Mode,MAR,0.1,43,0.9973751936383655,0.4714285714285714,MAR_rate10_seed43.csv,330,120,210
Mean/Mode,MAR,0.1,44,1.0134467096703021,0.4666666666666667,MAR_rate10_seed44.csv,330,120,210
Mean/Mode,MAR,0.1,45,1.0507855755234066,0.4523809523809524,MAR_rate10_seed45.csv,330,120,210
Mean/Mode,MAR,0.1,46,1.0373394336194792,0.42857142857142855,MAR_rate10_seed46.csv,330,120,210
Mean/Mode,MAR,0.1,47,1.1165172252821898,0.4714285714285714,MAR_rate10_seed47.csv,330,120,210
Mean/Mode,MAR,0.1,48,1.0584514058736227,0.44285714285714284,MAR_rate10_seed48.csv,330,120,210
Mean/Mode,MAR,0.1,49,1.066481857654477,0.4666666666666667,MAR_rate10_seed49.csv,330,120,210
Mean/Mode,MAR,0.2,42,1.1420892178930562,0.44552058111380144,MAR_rate20_seed42.csv,649,236,413
Mean/Mode,MAR,0.2,43,1.092911146352026,0.47699757869249393,MAR_rate20_seed43.csv,649,236,413
Mean/Mode,MAR,0.2,44,1.0704487185719325,0.4552058111380145,MAR_rate20_seed44.csv,649,236,413
Mean/Mode,MAR,0.2,45,1.1105055460937459,0.4406779661016949,MAR_rate20_seed45.csv,649,236,413
Mean/Mode,MAR,0.2,46,1.1462482593873955,0.47699757869249393,MAR_rate20_seed46.csv,649,236,413
Mean/Mode,MAR,0.2,47,1.1854094552985897,0.42857142857142855,MAR_rate20_seed47.csv,649,236,413
Mean/Mode,MAR,0.2,48,1.1749529401317735,0.4406779661016949,MAR_rate20_seed48.csv,649,236,413
Mean/Mode,MAR,0.2,49,1.136466026286811,0.48184019370460046,MAR_rate20_seed49.csv,649,236,413
Mean/Mode,MAR,0.3,42,1.0918297814307856,0.4767255216693419,MAR_rate30_seed42.csv,979,356,623
Mean/Mode,MAR,0.3,43,1.097182551248824,0.4590690208667737,MAR_rate30_seed43.csv,979,356,623
Mean/Mode,MAR,0.3,44,1.0972711406465052,0.45264847512038525,MAR_rate30_seed44.csv,979,356,623
Mean/Mode,MAR,0.3,45,1.1194934105342584,0.45425361155698235,MAR_rate30_seed45.csv,979,356,623
Mean/Mode,MAR,0.3,46,1.0636009444773513,0.47030497592295345,MAR_rate30_seed46.csv,979,356,623
Mean/Mode,MAR,0.3,47,1.1161839591124245,0.4767255216693419,MAR_rate30_seed47.csv,979,356,623
Mean/Mode,MAR,0.3,48,1.0562210849842641,0.4622792937399679,MAR_rate30_seed48.csv,979,356,623
Mean/Mode,MAR,0.3,49,1.1060039478432162,0.463884430176565,MAR_rate30_seed49.csv,979,356,623
Mean/Mode,MCAR,0.1,42,0.8633535067341516,0.42857142857142855,MCAR_rate10_seed42.csv,330,120,210
Mean/Mode,MCAR,0.1,43,1.0424383569093743,0.43333333333333335,MCAR_rate10_seed43.csv,330,120,210
Mean/Mode,MCAR,0.1,44,0.8800478312338702,0.48095238095238096,MCAR_rate10_seed44.csv,330,120,210
Mean/Mode,MCAR,0.1,45,0.9561741685157821,0.3904761904761905,MCAR_rate10_seed45.csv,330,120,210
Mean/Mode,MCAR,0.1,46,0.9757689616384838,0.5,MCAR_rate10_seed46.csv,330,120,210
Mean/Mode,MCAR,0.1,47,0.991361330926119,0.4142857142857143,MCAR_rate10_seed47.csv,330,120,210
Mean/Mode,MCAR,0.1,48,1.0381704279124004,0.4095238095238095,MCAR_rate10_seed48.csv,330,120,210
Mean/Mode,MCAR,0.1,49,1.003432475548915,0.48095238095238096,MCAR_rate10_seed49.csv,330,120,210
Mean/Mode,MCAR,0.2,42,1.0110501107325172,0.423728813559322,MCAR_rate20_seed42.csv,649,236,413
Mean/Mode,MCAR,0.2,43,0.8850052535855,0.4261501210653753,MCAR_rate20_seed43.csv,649,236,413
Mean/Mode,MCAR,0.2,44,0.9612308871546369,0.4067796610169492,MCAR_rate20_seed44.csv,649,236,413
Mean/Mode,MCAR,0.2,45,0.9898265001176424,0.4092009685230024,MCAR_rate20_seed45.csv,649,236,413
Mean/Mode,MCAR,0.2,46,0.9730044927891061,0.4406779661016949,MCAR_rate20_seed46.csv,649,236,413
Mean/Mode,MCAR,0.2,47,0.9991128072862746,0.4261501210653753,MCAR_rate20_seed47.csv,649,236,413
Mean/Mode,MCAR,0.2,48,1.0266888282026179,0.4358353510895884,MCAR_rate20_seed48.csv,649,236,413
Mean/Mode,MCAR,0.2,49,1.0646570878531827,0.45036319612590797,MCAR_rate20_seed49.csv,649,236,413
Mean/Mode,MCAR,0.3,42,1.0759735367996595,0.4189406099518459,MCAR_rate30_seed42.csv,979,356,623
Mean/Mode,MCAR,0.3,43,1.001092315033874,0.41252006420545745,MCAR_rate30_seed43.csv,979,356,623
Mean/Mode,MCAR,0.3,44,1.0272702876677158,0.4173354735152488,MCAR_rate30_seed44.csv,979,356,623
Mean/Mode,MCAR,0.3,45,0.9801881986588631,0.4301765650080257,MCAR_rate30_seed45.csv,979,356,623
Mean/Mode,MCAR,0.3,46,0.9905576646067383,0.4301765650080257,MCAR_rate30_seed46.csv,979,356,623
Mean/Mode,MCAR,0.3,47,0.9568706260599366,0.4301765650080257,MCAR_rate30_seed47.csv,979,356,623
Mean/Mode,MCAR,0.3,48,1.0288979547748256,0.44141252006420545,MCAR_rate30_seed48.csv,979,356,623
Mean/Mode,MCAR,0.3,49,1.0776086250673573,0.4189406099518459,MCAR_rate30_seed49.csv,979,356,623
Mean/Mode,MNAR,0.1,42,1.6089841926957482,0.8380952380952381,MNAR_rate10_seed42.csv,330,120,210
Mean/Mode,MNAR,0.1,43,1.6345082890304783,0.8476190476190476,MNAR_rate10_seed43.csv,330,120,210
Mean/Mode,MNAR,0.1,44,1.5818415720780223,0.8333333333333334,MNAR_rate10_seed44.csv,330,120,210
Mean/Mode,MNAR,0.1,45,1.7191354382285857,0.8523809523809524,MNAR_rate10_seed45.csv,330,120,210
Mean/Mode,MNAR,0.1,46,1.621978759065617,0.8476190476190476,MNAR_rate10_seed46.csv,330,120,210
Mean/Mode,MNAR,0.1,47,1.6572963136281498,0.8571428571428571,MNAR_rate10_seed47.csv,330,120,210
Mean/Mode,MNAR,0.1,48,1.5553388435209614,0.8333333333333334,MNAR_rate10_seed48.csv,330,120,210
Mean/Mode,MNAR,0.1,49,1.7788232295248063,0.8571428571428571,MNAR_rate10_seed49.csv,330,120,210
Mean/Mode,MNAR,0.2,42,1.7212416623780136,0.7990314769975787,MNAR_rate20_seed42.csv,649,236,413
Mean/Mode,MNAR,0.2,43,1.761567124737351,0.8087167070217918,MNAR_rate20_seed43.csv,649,236,413
Mean/Mode,MNAR,0.2,44,1.6361267934588697,0.8135593220338984,MNAR_rate20_seed44.csv,649,236,413
Mean/Mode,MNAR,0.2,45,1.6829347373839973,0.8062953995157385,MNAR_rate20_seed45.csv,649,236,413
Mean/Mode,MNAR,0.2,46,1.6774371812620577,0.801452784503632,MNAR_rate20_seed46.csv,649,236,413
Mean/Mode,MNAR,0.2,47,1.680530788445505,0.8111380145278451,MNAR_rate20_seed47.csv,649,236,413
Mean/Mode,MNAR,0.2,48,1.696822247746454,0.801452784503632,MNAR_rate20_seed48.csv,649,236,413
Mean/Mode,MNAR,0.2,49,1.6762956335193682,0.801452784503632,MNAR_rate20_seed49.csv,649,236,413
Mean/Mode,MNAR,0.3,42,1.6518898579069208,0.898876404494382,MNAR_rate30_seed42.csv,979,356,623
Mean/Mode,MNAR,0.3,43,1.6516508311590876,0.8908507223113965,MNAR_rate30_seed43.csv,979,356,623
Mean/Mode,MNAR,0.3,44,1.6608838713686598,0.8892455858747994,MNAR_rate30_seed44.csv,979,356,623
Mean/Mode,MNAR,0.3,45,1.6740569057024481,0.884430176565008,MNAR_rate30_seed45.csv,979,356,623
Mean/Mode,MNAR,0.3,46,1.6671307801846291,0.8828250401284109,MNAR_rate30_seed46.csv,979,356,623
Mean/Mode,MNAR,0.3,47,1.6796693998975425,0.8972712680577849,MNAR_rate30_seed47.csv,979,356,623
Mean/Mode,MNAR,0.3,48,1.6736500502094314,0.8908507223113965,MNAR_rate30_seed48.csv,979,356,623
Mean/Mode,MNAR,0.3,49,1.653928389342737,0.9020866773675762,MNAR_rate30_seed49.csv,979,356,623
RF-iterative,MAR,0.1,42,1.1139921976637757,0.5095238095238095,MAR_rate10_seed42.csv,330,120,210
RF-iterative,MAR,0.1,43,0.9408328429979453,0.5714285714285714,MAR_rate10_seed43.csv,330,120,210
RF-iterative,MAR,0.1,44,0.9851416642746375,0.5523809523809524,MAR_rate10_seed44.csv,330,120,210
RF-iterative,MAR,0.1,45,1.134358798168426,0.5380952380952381,MAR_rate10_seed45.csv,330,120,210
RF-iterative,MAR,0.1,46,1.0351816471763937,0.47619047619047616,MAR_rate10_seed46.csv,330,120,210
RF-iterative,MAR,0.1,47,1.0620117705126597,0.49523809523809526,MAR_rate10_seed47.csv,330,120,210
RF-iterative,MAR,0.1,48,1.0366341174638012,0.5571428571428572,MAR_rate10_seed48.csv,330,120,210
RF-iterative,MAR,0.1,49,1.0221358760307977,0.5285714285714286,MAR_rate10_seed49.csv,330,120,210
RF-iterative,MAR,0.2,42,1.1489796097108096,0.513317191283293,MAR_rate20_seed42.csv,649,236,413
RF-iterative,MAR,0.2,43,1.1473031080696625,0.5472154963680388,MAR_rate20_seed43.csv,649,236,413
RF-iterative,MAR,0.2,44,1.2149973572621666,0.549636803874092,MAR_rate20_seed44.csv,649,236,413
RF-iterative,MAR,0.2,45,1.0871830360807158,0.5472154963680388,MAR_rate20_seed45.csv,649,236,413
RF-iterative,MAR,0.2,46,1.0946185774152182,0.5714285714285714,MAR_rate20_seed46.csv,649,236,413
RF-iterative,MAR,0.2,47,1.1909853647392246,0.5205811138014528,MAR_rate20_seed47.csv,649,236,413
RF-iterative,MAR,0.2,48,1.1529653772498774,0.5326876513317191,MAR_rate20_seed48.csv,649,236,413
RF-iterative,MAR,0.2,49,1.2139895334243274,0.5254237288135594,MAR_rate20_seed49.csv,649,236,413
RF-iterative,MAR,0.3,42,1.0752371284018063,0.5248796147672552,MAR_rate30_seed42.csv,979,356,623
RF-iterative,MAR,0.3,43,1.227918798078127,0.565008025682183,MAR_rate30_seed43.csv,979,356,623
RF-iterative,MAR,0.3,44,1.1078529735897396,0.5104333868378812,MAR_rate30_seed44.csv,979,356,623
RF-iterative,MAR,0.3,45,1.10350128948403,0.5393258426966292,MAR_rate30_seed45.csv,979,356,623
RF-iterative,MAR,0.3,46,1.2619296967845193,0.5425361155698234,MAR_rate30_seed46.csv,979,356,623
RF-iterative,MAR,0.3,47,1.088498635487568,0.5280898876404494,MAR_rate30_seed47.csv,979,356,623
RF-iterative,MAR,0.3,48,1.146634568360252,0.5313001605136437,MAR_rate30_seed48.csv,979,356,623
RF-iterative,MAR,0.3,49,1.0528662316915949,0.5280898876404494,MAR_rate30_seed49.csv,979,356,623
RF-iterative,MCAR,0.1,42,0.8141477168529928,0.4523809523809524,MCAR_rate10_seed42.csv,330,120,210
RF-iterative,MCAR,0.1,43,0.929350997329656,0.48095238095238096,MCAR_rate10_seed43.csv,330,120,210
RF-iterative,MCAR,0.1,44,0.8492309060740825,0.48095238095238096,MCAR_rate10_seed44.csv,330,120,210
RF-iterative,MCAR,0.1,45,0.8856114095938393,0.44285714285714284,MCAR_rate10_seed45.csv,330,120,210
RF-iterative,MCAR,0.1,46,0.9215048620217412,0.5142857142857142,MCAR_rate10_seed46.csv,330,120,210
RF-iterative,MCAR,0.1,47,1.0707630377693316,0.4238095238095238,MCAR_rate10_seed47.csv,330,120,210
RF-iterative,MCAR,0.1,48,1.0767575818146575,0.46190476190476193,MCAR_rate10_seed48.csv,330,120,210
RF-iterative,MCAR,0.1,49,0.8715053211888002,0.4714285714285714,MCAR_rate10_seed49.csv,330,120,210
RF-iterative,MCAR,0.2,42,0.9533291778191825,0.5084745762711864,MCAR_rate20_seed42.csv,649,236,413
RF-iterative,MCAR,0.2,43,0.9096359287056213,0.47699757869249393,MCAR_rate20_seed43.csv,649,236,413
RF-iterative,MCAR,0.2,44,0.9053522806526283,0.43825665859564167,MCAR_rate20_seed44.csv,649,236,413
RF-iterative,MCAR,0.2,45,0.9231742972015865,0.4794188861985472,MCAR_rate20_seed45.csv,649,236,413
RF-iterative,MCAR,0.2,46,0.9466757560785604,0.45278450363196127,MCAR_rate20_seed46.csv,649,236,413
RF-iterative,MCAR,0.2,47,0.9925845183394735,0.49878934624697335,MCAR_rate20_seed47.csv,649,236,413
RF-iterative,MCAR,0.2,48,0.9525036315384477,0.46246973365617433,MCAR_rate20_seed48.csv,649,236,413
RF-iterative,MCAR,0.2,49,0.9834491092820474,0.4576271186440678,MCAR_rate20_seed49.csv,649,236,413
RF-iterative,MCAR,0.3,42,1.0280192207119005,0.5088282504012841,MCAR_rate30_seed42.csv,979,356,623
RF-iterative,MCAR,0.3,43,0.9825113522291946,0.47030497592295345,MCAR_rate30_seed43.csv,979,356,623
RF-iterative,MCAR,0.3,44,1.0117148486589742,0.47030497592295345,MCAR_rate30_seed44.csv,979,356,623
RF-iterative,MCAR,0.3,45,0.9681531607894742,0.45425361155698235,MCAR_rate30_seed45.csv,979,356,623
RF-iterative,MCAR,0.3,46,1.0225950265117194,0.46869983948635635,MCAR_rate30_seed46.csv,979,356,623
RF-iterative,MCAR,0.3,47,0.8996218757943824,0.463884430176565,MCAR_rate30_seed47.csv,979,356,623
RF-iterative,MCAR,0.3,48,1.0254500250250218,0.4767255216693419,MCAR_rate30_seed48.csv,979,356,623
RF-iterative,MCAR,0.3,49,1.0605664415898788,0.492776886035313,MCAR_rate30_seed49.csv,979,356,623
RF-iterative,MNAR,0.1,42,1.3847209728015715,0.7619047619047619,MNAR_rate10_seed42.csv,330,120,210
RF-iterative,MNAR,0.1,43,1.3918288207452802,0.7714285714285715,MNAR_rate10_seed43.csv,330,120,210
RF-iterative,MNAR,0.1,44,1.3466180965319439,0.7619047619047619,MNAR_rate10_seed44.csv,330,120,210
RF-iterative,MNAR,0.1,45,1.529725738839947,0.7523809523809524,MNAR_rate10_seed45.csv,330,120,210
RF-iterative,MNAR,0.1,46,1.4597533846080408,0.7666666666666667,MNAR_rate10_seed46.csv,330,120,210
RF-iterative,MNAR,0.1,47,1.4626583056249194,0.780952380952381,MNAR_rate10_seed47.csv,330,120,210
RF-iterative,MNAR,0.1,48,1.367946665959933,0.7380952380952381,MNAR_rate10_seed48.csv,330,120,210
RF-iterative,MNAR,0.1,49,1.5612463354208383,0.7571428571428571,MNAR_rate10_seed49.csv,330,120,210
RF-iterative,MNAR,0.2,42,1.5262091325850744,0.7675544794188862,MNAR_rate20_seed42.csv,649,236,413
RF-iterative,MNAR,0.2,43,1.5873542232638782,0.7530266343825666,MNAR_rate20_seed43.csv,649,236,413
RF-iterative,MNAR,0.2,44,1.460012561581704,0.7142857142857143,MNAR_rate20_seed44.csv,649,236,413
RF-iterative,MNAR,0.2,45,1.472702767986769,0.7602905569007264,MNAR_rate20_seed45.csv,649,236,413
RF-iterative,MNAR,0.2,46,1.5052556169765,0.7263922518159807,MNAR_rate20_seed46.csv,649,236,413
RF-iterative,MNAR,0.2,47,1.495345428107025,0.7336561743341404,MNAR_rate20_seed47.csv,649,236,413
RF-iterative,MNAR,0.2,48,1.4947937899989643,0.7409200968523002,MNAR_rate20_seed48.csv,649,236,413
RF-iterative,MNAR,0.2,49,1.4922780473984327,0.7070217917675545,MNAR_rate20_seed49.csv,649,236,413
RF-iterative,MNAR,0.3,42,1.4870832670322043,0.7640449438202247,MNAR_rate30_seed42.csv,979,356,623
RF-iterative,MNAR,0.3,43,1.4967189781125863,0.7528089887640449,MNAR_rate30_seed43.csv,979,356,623
RF-iterative,MNAR,0.3,44,1.4737271947898334,0.6886035313001605,MNAR_rate30_seed44.csv,979,356,623
RF-iterative,MNAR,0.3,45,1.5544658046591942,0.7110754414125201,MNAR_rate30_seed45.csv,979,356,623
RF-iterative,MNAR,0.3,46,1.5146186507491073,0.7303370786516854,MNAR_rate30_seed46.csv,979,356,623
RF-iterative,MNAR,0.3,47,1.5528427003739194,0.7913322632423756,MNAR_rate30_seed47.csv,979,356,623
RF-iterative,MNAR,0.3,48,1.5300017600279017,0.7512038523274478,MNAR_rate30_seed48.csv,979,356,623
RF-iterative,MNAR,0.3,49,1.4894696286766775,0.7223113964686998,MNAR_rate30_seed49.csv,979,356,623
